Address,Latitude,Longitude,BuildingType,FloorSize,Link,Image
"605 41st St Apt P, Brooklyn, NY 11232",40.648878,-74.002505,SingleFamilyResidence,800,https://www.zillow.com/homedetails/605-41st-St-APT-P-Brooklyn-NY-11232/245041289_zpid/,https://photos.zillowstatic.com/fp/4556eb12166ccf56aa8027811809307d-p_e.jpg
"420 64th St Penthouse 1, Brooklyn, NY 11220",40.63779,-74.01985,SingleFamilyResidence,"2,200",https://www.zillow.com/homedetails/420-64th-St-PENTHOUSE-1-Brooklyn-NY-11220/30691253_zpid/,https://photos.zillowstatic.com/fp/b2d9f0bf3ac05b2d76233f1902e609d7-p_e.jpg
"838 41st St #2a, Brooklyn, NY 11232",40.64538,-73.997646,SingleFamilyResidence,798,https://www.zillow.com/homedetails/838-41st-St-2A-Brooklyn-NY-11232/2077873054_zpid/,https://photos.zillowstatic.com/fp/88b9cfd6d0423e7e9a707ed66a45d7f9-p_e.jpg
"730 57th St Apt 3d, Brooklyn, NY 11220",40.637843,-74.009321,SingleFamilyResidence,500,https://www.zillow.com/homedetails/730-57th-St-APT-3D-Brooklyn-NY-11220/2118332909_zpid/,https://photos.zillowstatic.com/fp/5caa42f81d548f2a1e23f6aa94096abd-p_e.jpg
"420 64th St Penthouse 2, Brooklyn, NY 11220",40.63779,-74.01985,SingleFamilyResidence,720,https://www.zillow.com/homedetails/420-64th-St-PENTHOUSE-2-Brooklyn-NY-11220/30691254_zpid/,https://photos.zillowstatic.com/fp/21b765052aba56dbd0936bca3c97a0d3-p_e.jpg
"4407 4th Ave Apt C4, Brooklyn, NY 11220",40.649419,-74.009011,SingleFamilyResidence,800,https://www.zillow.com/homedetails/4407-4th-Ave-APT-C4-Brooklyn-NY-11220/97307699_zpid/,https://photos.zillowstatic.com/fp/988e0ccb73892f9020a69fbda6b576e0-p_e.jpg
"354 48th St, Brooklyn, NY 11220",40.647901,-74.012391,SingleFamilyResidence,"1,360",https://www.zillow.com/homedetails/354-48th-St-Brooklyn-NY-11220/30576453_zpid/,https://photos.zillowstatic.com/fp/eeea67302dcccb87f6a04da4a47df8b4-p_e.jpg
"683 41st St Apt 18, Brooklyn, NY 11232",40.647824,-74.000917,SingleFamilyResidence,500,https://www.zillow.com/homedetails/683-41st-St-APT-18-Brooklyn-NY-11232/124866466_zpid/,https://photos.zillowstatic.com/fp/1054665df412f4c133ff213bdf2ca461-p_e.jpg
"548 46th St Apt 4l, Brooklyn, NY 11220",40.64644,-74.006934,SingleFamilyResidence,819,https://www.zillow.com/homedetails/548-46th-St-APT-4L-Brooklyn-NY-11220/145587990_zpid/,https://photos.zillowstatic.com/fp/edf0da4b3b889b40e507fa7ec32e5797-p_e.jpg
"637 41st St Apt 1b, Brooklyn, NY 11232",40.648239,-74.001445,SingleFamilyResidence,800,https://www.zillow.com/homedetails/637-41st-St-APT-1B-Brooklyn-NY-11232/245000022_zpid/,https://photos.zillowstatic.com/fp/9186bc3c5bb8019ca5ca6bdeab762726-p_e.jpg
"826 43rd St Apt 8, Brooklyn, NY 11232",40.644441,-73.999104,SingleFamilyResidence,970,https://www.zillow.com/homedetails/826-43rd-St-APT-8-Brooklyn-NY-11232/244999274_zpid/,https://photos.zillowstatic.com/fp/4c381dabd2b5768ad8ba17a89118fd67-p_e.jpg
"834 57th St Apt 2c, Brooklyn, NY 11220",40.636478,-74.007063,SingleFamilyResidence,545,https://www.zillow.com/homedetails/834-57th-St-APT-2C-Brooklyn-NY-11220/112507553_zpid/,https://photos.zillowstatic.com/fp/1898c153ddee2bdec9e76eb14673fb63-p_e.jpg
"320 57th St Apt 2b, Brooklyn, NY 11220",40.643332,-74.018413,SingleFamilyResidence,"1,455",https://www.zillow.com/homedetails/320-57th-St-APT-2B-Brooklyn-NY-11220/116169581_zpid/,https://photos.zillowstatic.com/fp/98391c4558dc134ab29a3244a3093ff8-p_e.jpg
"863 50th St Apt 3b, Brooklyn, NY 11220",40.640383,-74.002033,SingleFamilyResidence,872,https://www.zillow.com/homedetails/863-50th-St-APT-3B-Brooklyn-NY-11220/64484754_zpid/,https://photos.zillowstatic.com/fp/5bd90ac3b10cf2780a90b6a47667f28b-p_e.jpg
"237 61st St, Brooklyn, NY 11220",40.642448,-74.022228,SingleFamilyResidence,"2,660",https://www.zillow.com/homedetails/237-61st-St-Brooklyn-NY-11220/30690567_zpid/,"https://maps.googleapis.com/maps/api/streetview?location=40.642448,-74.022228&size=575x242&key=AIzaSyBot9JtFX4Hqs-Ri6N3A8K1Rl5XZD3ssyI&signature=th4lQmhDlhmZEk3sDI2CsVOyr3I="
"621 59th St, Brooklyn, NY 11220",40.638547,-74.012586,SingleFamilyResidence,"2,200",https://www.zillow.com/homedetails/621-59th-St-Brooklyn-NY-11220/30579527_zpid/,https://photos.zillowstatic.com/fp/94280d82decc7e43f3d3c24c0283e0d3-p_e.jpg
"4102 8th Ave #4g, Brooklyn, NY 11232",40.646206,-73.998915,SingleFamilyResidence,697,https://www.zillow.com/homedetails/4102-8th-Ave-4G-Brooklyn-NY-11232/2076844016_zpid/,https://photos.zillowstatic.com/fp/514532a820e0e75e95e2bb85314b1bb0-p_e.jpg
"241 54th St, Brooklyn, NY 11220",40.646366,-74.017987,SingleFamilyResidence,"1,857",https://www.zillow.com/homedetails/241-54th-St-Brooklyn-NY-11220/30577810_zpid/,https://photos.zillowstatic.com/fp/814ae32e44d31401daf641bd3fa0a333-p_e.jpg
"346 52nd St, Brooklyn, NY 11220",40.645775,-74.014911,SingleFamilyResidence,"3,300",https://www.zillow.com/homedetails/346-52nd-St-Brooklyn-NY-11220/30577523_zpid/,https://photos.zillowstatic.com/fp/08fb2412f3a522a702247be67df444eb-p_e.jpg
"4401 4th Ave Apt B2, Brooklyn, NY 11220",40.649528,-74.008896,SingleFamilyResidence,940,https://www.zillow.com/homedetails/4401-4th-Ave-APT-B2-Brooklyn-NY-11220/82830241_zpid/,https://photos.zillowstatic.com/fp/6e8b99d87e01c4885d8c283f1c1d78a5-p_e.jpg
"729 40th St #c, Brooklyn, NY 11232",40.647763,-73.999153,SingleFamilyResidence,489,https://www.zillow.com/homedetails/729-40th-St-C-Brooklyn-NY-11232/2078228136_zpid/,https://photos.zillowstatic.com/fp/ce2c00cbbc184a38c123ff6d735990e9-p_e.jpg
"346 58th St, Brooklyn, NY 11220",40.642388,-74.018363,SingleFamilyResidence,"2,550",https://www.zillow.com/homedetails/346-58th-St-Brooklyn-NY-11220/30579289_zpid/,https://photos.zillowstatic.com/fp/7d81adb5d86f0904afdb0cb98804b81d-p_e.jpg
"737 43rd St, Brooklyn, NY 11232",40.64594,-74.000666,SingleFamilyResidence,"2,880",https://www.zillow.com/homedetails/737-43rd-St-Brooklyn-NY-11232/30581358_zpid/,https://photos.zillowstatic.com/fp/e78d87ff4b0c3404fe39f64ff38b7d9c-p_e.jpg
"458 57th St, Brooklyn, NY 11220",40.641478,-74.015336,SingleFamilyResidence,"2,355",https://www.zillow.com/homedetails/458-57th-St-Brooklyn-NY-11220/30579063_zpid/,https://photos.zillowstatic.com/fp/784d8191d246aeb24c86970ebeb2e248-p_e.jpg
"342 50th St, Brooklyn, NY 11220",40.646928,-74.0138,SingleFamilyResidence,"2,520",https://www.zillow.com/homedetails/342-50th-St-Brooklyn-NY-11220/30576996_zpid/,https://photos.zillowstatic.com/fp/cf7d68400dc0da5c033606d850242bc6-p_e.jpg
"4401 4th Ave Apt B5, Brooklyn, NY 11220",40.649528,-74.008896,SingleFamilyResidence,500,https://www.zillow.com/homedetails/4401-4th-Ave-APT-B5-Brooklyn-NY-11220/245017483_zpid/,https://photos.zillowstatic.com/fp/6c0ef66e1722838d9f4b88e1da7684ea-p_e.jpg
"462 52nd St #c2-m1-m3, Brooklyn, NY 11220",40.644177,-74.012298,SingleFamilyResidence,"3,683",https://www.zillow.com/homedetails/462-52nd-St-C2-M1-M3-Brooklyn-NY-11220/2078087217_zpid/,https://photos.zillowstatic.com/fp/ec5beb253005872535f7daf8590e4f9d-p_e.jpg
"670 44th St, Brooklyn, NY 11220",40.645946,-74.0031,SingleFamilyResidence,"2,964",https://www.zillow.com/homedetails/670-44th-St-Brooklyn-NY-11220/30575377_zpid/,https://photos.zillowstatic.com/fp/9f892314538c566729aae1e915e45265-p_e.jpg
"712 45th St #3a-1, Brooklyn, NY 11220",40.644903,-74.0029,SingleFamilyResidence,861,https://www.zillow.com/homedetails/712-45th-St-3A-1-Brooklyn-NY-11220/2077387753_zpid/,https://photos.zillowstatic.com/fp/4a55891808151cd2c0fabed578e3db63-p_e.jpg
"5708 7th Ave Apt 6b, Brooklyn, NY 11220",40.638475,-74.010447,SingleFamilyResidence,577,https://www.zillow.com/homedetails/5708-7th-Ave-APT-6B-Brooklyn-NY-11220/112509203_zpid/,https://photos.zillowstatic.com/fp/ad7aaea31e33434d01975b6ad332f9b4-p_e.jpg
"338 52nd St, Brooklyn, NY 11220",40.645876,-74.015079,SingleFamilyResidence,"3,348",https://www.zillow.com/homedetails/338-52nd-St-Brooklyn-NY-11220/30577520_zpid/,https://photos.zillowstatic.com/fp/61aec21db72b1701e2b6c3508a55ef68-p_e.jpg
"729 40th St #3a, Brooklyn, NY 11232",40.647763,-73.999152,SingleFamilyResidence,705,https://www.zillow.com/homedetails/729-40th-St-3A-Brooklyn-NY-11232/112077620_zpid/,"https://maps.googleapis.com/maps/api/streetview?location=40.647763,-73.999152&size=575x242&key=AIzaSyBot9JtFX4Hqs-Ri6N3A8K1Rl5XZD3ssyI&signature=TitnXLva4H748xhe1KRW0yC-scI="
"416 43rd St, Brooklyn, NY 11232",40.649899,-74.008137,SingleFamilyResidence,"2,400",https://www.zillow.com/homedetails/416-43rd-St-Brooklyn-NY-11232/30575053_zpid/,https://photos.zillowstatic.com/fp/fe4d5e74f35e739720560dcc9fa4a9b7-p_e.jpg
"765 43rd St #2a, Brooklyn, NY 11232",40.645455,-73.999862,SingleFamilyResidence,760,https://www.zillow.com/homedetails/765-43rd-St-2A-Brooklyn-NY-11232/121710879_zpid/,https://photos.zillowstatic.com/fp/ba97d6ce4054619cb8cfff75a67448cb-p_e.jpg
"634 40th St, Brooklyn, NY 11232",40.648683,-74.001585,SingleFamilyResidence,"3,000",https://www.zillow.com/homedetails/634-40th-St-Brooklyn-NY-11232/30581099_zpid/,https://photos.zillowstatic.com/fp/9118c33f46e569d7c6d7b3a5b427cfd2-p_e.jpg
"528 47th St, Brooklyn, NY 11220",40.646163,-74.007982,SingleFamilyResidence,"2,772",https://www.zillow.com/homedetails/528-47th-St-Brooklyn-NY-11220/30576211_zpid/,https://photos.zillowstatic.com/fp/9ee2c5eaf33c4c05c9f4dc6ad37fec6f-p_e.jpg
"518 51st St, Brooklyn, NY 11220",40.644053,-74.010541,SingleFamilyResidence,"1,880",https://www.zillow.com/homedetails/518-51st-St-Brooklyn-NY-11220/30577312_zpid/,https://photos.zillowstatic.com/fp/29c551d5379f0b792da52952169cc135-p_e.jpg
"453 42nd St #1, Brooklyn, NY 11232",40.650269,-74.006328,SingleFamilyResidence,"8,000",https://www.zillow.com/homedetails/453-42nd-St-1-Brooklyn-NY-11232/2077286828_zpid/,https://photos.zillowstatic.com/fp/4855d0bc296e9bb000dbae33bef7e1a9-p_e.jpg
"858 46th St, Brooklyn, NY 11220",40.642298,-74.000089,SingleFamilyResidence,"2,700",https://www.zillow.com/homedetails/858-46th-St-Brooklyn-NY-11220/30576077_zpid/,https://photos.zillowstatic.com/fp/37ff31a15b76714a7333a2b962895f36-p_e.jpg
"617 59th St, Brooklyn, NY 11220",40.63858,-74.012641,SingleFamilyResidence,"2,200",https://www.zillow.com/homedetails/617-59th-St-Brooklyn-NY-11220/30579528_zpid/,https://photos.zillowstatic.com/fp/94280d82decc7e43f3d3c24c0283e0d3-p_e.jpg
"434 39th St, Brooklyn, NY 11232",40.651866,-74.005362,SingleFamilyResidence,"1,748",https://www.zillow.com/homedetails/434-39th-St-Brooklyn-NY-11232/30574787_zpid/,https://photos.zillowstatic.com/fp/7dad37f1bf5f0bda9297000f88ee708a-p_e.jpg
"745 58th St Apt 3, Brooklyn, NY 11220",40.637366,-74.009126,SingleFamilyResidence,810,https://www.zillow.com/homedetails/745-58th-St-APT-3-Brooklyn-NY-11220/112505522_zpid/,https://photos.zillowstatic.com/fp/fb19774c577a15aa820e28eca0143997-p_e.jpg
"638 50th St #3a, Brooklyn, NY 11220",40.643029,-74.007331,SingleFamilyResidence,579,https://www.zillow.com/homedetails/638-50th-St-3A-Brooklyn-NY-11220/115876530_zpid/,https://photos.zillowstatic.com/fp/086ec5553e79fc345ad3a140c273d0c3-p_e.jpg
"330 43rd St, Brooklyn, NY 11232",40.651015,-74.009995,SingleFamilyResidence,"1,935",https://www.zillow.com/homedetails/330-43rd-St-Brooklyn-NY-11232/30575020_zpid/,https://photos.zillowstatic.com/fp/32fa8d29b3cac38d182b0d4a3ea3c2df-p_e.jpg
"629 51st St Apt 2c, Brooklyn, NY 11220",40.642933,-74.007774,SingleFamilyResidence,490,https://www.zillow.com/homedetails/629-51st-St-APT-2C-Brooklyn-NY-11220/94716186_zpid/,https://photos.zillowstatic.com/fp/6b08bdf1c687c3fc9933b2c595749286-p_e.jpg
"832 53rd St, Brooklyn, NY 11220",40.63876,-74.004803,SingleFamilyResidence,"1,300",https://www.zillow.com/homedetails/832-53rd-St-Brooklyn-NY-11220/30686455_zpid/,https://photos.zillowstatic.com/fp/4566c0e195ceb42958e1d43423f5251d-p_e.jpg
"642 52nd St, Brooklyn, NY 11220",40.64172,-74.008184,SingleFamilyResidence,"3,048",https://www.zillow.com/homedetails/642-52nd-St-Brooklyn-NY-11220/30577669_zpid/,https://photos.zillowstatic.com/fp/7ecbebc17c07267ff376010c7a4cbe5a-p_e.jpg
"273 61st St, Brooklyn, NY 11220",40.641934,-74.021379,SingleFamilyResidence,"3,480",https://www.zillow.com/homedetails/273-61st-St-Brooklyn-NY-11220/30690552_zpid/,https://photos.zillowstatic.com/fp/f6ba9949e706ec0a3ffa45e97555727e-p_e.jpg
"4301 4th Ave #123, Brooklyn, NY 11232",40.650131,-74.008313,SingleFamilyResidence,"4,875",https://www.zillow.com/homedetails/4301-4th-Ave-123-Brooklyn-NY-11232/2078803337_zpid/,https://photos.zillowstatic.com/fp/2157c1d9e40c4ba460cfbd5de5cd3537-p_e.jpg
"420 64th St Apt 7e, Brooklyn, NY 11220",40.63779,-74.01985,SingleFamilyResidence,640,https://www.zillow.com/homedetails/420-64th-St-APT-7E-Brooklyn-NY-11220/30691227_zpid/,"https://maps.googleapis.com/maps/api/streetview?location=40.637790,-74.019850&size=575x242&key=AIzaSyBot9JtFX4Hqs-Ri6N3A8K1Rl5XZD3ssyI&signature=La1nwel_wWl461i-_vI-fL4cOf8="
"4711 8th Ave Apt 4b, Brooklyn, NY 11220",40.642371,-74.001993,SingleFamilyResidence,621,https://www.zillow.com/homedetails/4711-8th-Ave-APT-4B-Brooklyn-NY-11220/94719294_zpid/,https://photos.zillowstatic.com/fp/dcf22fe0e98c9939707a823f4a76e175-p_e.jpg
"828 53rd St, Brooklyn, NY 11220",40.638804,-74.004876,SingleFamilyResidence,884,https://www.zillow.com/homedetails/828-53rd-St-Brooklyn-NY-11220/30686454_zpid/,https://photos.zillowstatic.com/fp/0861ebbe70bfe19535e81e44f42c1705-p_e.jpg
"420 42nd St Apt 2e, Brooklyn, NY 11232",40.650423,-74.0075,SingleFamilyResidence,637,https://www.zillow.com/homedetails/420-42nd-St-APT-2E-Brooklyn-NY-11232/89068896_zpid/,https://photos.zillowstatic.com/fp/9910c1ebe209d2a13e4454720751062a-p_e.jpg
"245 51st St, Brooklyn, NY 11220",40.648005,-74.016172,SingleFamilyResidence,"2,040",https://www.zillow.com/homedetails/245-51st-St-Brooklyn-NY-11220/142802418_zpid/,https://photos.zillowstatic.com/fp/953017c20a7e1d22716c6a47fd750aa5-p_e.jpg
"254 55th St #3a, Brooklyn, NY 11220",40.645307,-74.018666,SingleFamilyResidence,710,https://www.zillow.com/homedetails/254-55th-St-3A-Brooklyn-NY-11220/2077443839_zpid/,https://photos.zillowstatic.com/fp/e7a920fa06d95b94c0557023a5410050-p_e.jpg
"434 39th St #1, Brooklyn, NY 11232",40.651866,-74.005366,SingleFamilyResidence,"1,748",https://www.zillow.com/homedetails/434-39th-St-1-Brooklyn-NY-11232/2080642573_zpid/,https://photos.zillowstatic.com/fp/328ff17c2b8137124479c4100938945c-p_e.jpg
"673 41st St Apt 5, Brooklyn, NY 11232",40.64796,-74.001143,SingleFamilyResidence,500,https://www.zillow.com/homedetails/673-41st-St-APT-5-Brooklyn-NY-11232/245067807_zpid/,https://photos.zillowstatic.com/fp/2491c27906ec67c2289040680d25a990-p_e.jpg
"238 56th St Apt 1f, Brooklyn, NY 11220",40.644952,-74.019582,SingleFamilyResidence,"1,097",https://www.zillow.com/homedetails/238-56th-St-APT-1F-Brooklyn-NY-11220/112079616_zpid/,https://photos.zillowstatic.com/fp/3e500ce483c35cfdf1e4b7fdea4371f1-p_e.jpg
"5008 7th Ave Apt 4e, Brooklyn, NY 11220",40.64243,-74.006337,SingleFamilyResidence,879,https://www.zillow.com/homedetails/5008-7th-Ave-APT-4E-Brooklyn-NY-11220/89066818_zpid/,https://photos.zillowstatic.com/fp/9b62fa63ec9d92d65c0adccce507883a-p_e.jpg
"656 53rd St, Brooklyn, NY 11220",40.641018,-74.008543,SingleFamilyResidence,"2,796",https://www.zillow.com/homedetails/656-53rd-St-Brooklyn-NY-11220/30577974_zpid/,https://photos.zillowstatic.com/fp/8429c04d07612cf4698ec6cb1a3ff296-p_e.jpg
"453 44th St, Brooklyn, NY 11220",40.649145,-74.007484,SingleFamilyResidence,"1,680",https://www.zillow.com/homedetails/453-44th-St-Brooklyn-NY-11220/30575086_zpid/,https://photos.zillowstatic.com/fp/9f445bacc51eb498f3fde246ecb73f76-p_e.jpg
"856 43rd St Apt 2, Brooklyn, NY 11232",40.644162,-73.998456,SingleFamilyResidence,830,https://www.zillow.com/homedetails/856-43rd-St-APT-2-Brooklyn-NY-11232/79718217_zpid/,https://photos.zillowstatic.com/fp/7db98cdea189c497a9f117862e5459fc-p_e.jpg
"254 55th St #4a, Brooklyn, NY 11220",40.645307,-74.018666,SingleFamilyResidence,"1,335",https://www.zillow.com/homedetails/254-55th-St-4A-Brooklyn-NY-11220/2077443840_zpid/,https://photos.zillowstatic.com/fp/57dec4c8dc38837df06b525858217ad0-p_e.jpg
"873 52nd St, Brooklyn, NY 11220",40.639058,-74.002863,SingleFamilyResidence,"3,158",https://www.zillow.com/homedetails/873-52nd-St-Brooklyn-NY-11220/30685854_zpid/,https://photos.zillowstatic.com/fp/28e7cc629789aea27018e693b6e22acb-p_e.jpg
"614 61st St, Brooklyn, NY 11220",40.637167,-74.014299,SingleFamilyResidence,"3,120",https://www.zillow.com/homedetails/614-61st-St-Brooklyn-NY-11220/30690939_zpid/,https://photos.zillowstatic.com/fp/88f98ca53f6732f268efaa2d80bb5d94-p_e.jpg
"4108 8th Ave #3c, Brooklyn, NY 11232",40.646105,-73.998922,SingleFamilyResidence,930,https://www.zillow.com/homedetails/4108-8th-Ave-3C-Brooklyn-NY-11232/2080313769_zpid/,https://photos.zillowstatic.com/fp/1bf062be8dce51bef08b81f2dfaa54c9-p_e.jpg
"665 50th St, Brooklyn, NY 11220",40.64294,-74.006272,SingleFamilyResidence,"2,080",https://www.zillow.com/homedetails/665-50th-St-Brooklyn-NY-11220/30576868_zpid/,https://photos.zillowstatic.com/fp/b0168d7d9d9e9d9bce72f3464f2fb5ee-p_e.jpg
"744 55th St, Brooklyn, NY 11220",40.638814,-74.007908,SingleFamilyResidence,"2,200",https://www.zillow.com/homedetails/744-55th-St-Brooklyn-NY-11220/30578625_zpid/,"https://maps.googleapis.com/maps/api/streetview?location=40.638814,-74.007908&size=575x242&key=AIzaSyBot9JtFX4Hqs-Ri6N3A8K1Rl5XZD3ssyI&signature=oRZRCzVGd6DutFPS2uDUndYoUN4="
"457 49th St, Brooklyn, NY 11220",40.646296,-74.010322,SingleFamilyResidence,"1,740",https://www.zillow.com/homedetails/457-49th-St-Brooklyn-NY-11220/30576514_zpid/,https://photos.zillowstatic.com/fp/bfb399bf2d0cf86a67fd5fb7ba8c581e-p_e.jpg
"535 39th St, Brooklyn, NY 11232",40.650855,-74.002813,SingleFamilyResidence,"2,248",https://www.zillow.com/homedetails/535-39th-St-Brooklyn-NY-11232/30580901_zpid/,https://photos.zillowstatic.com/fp/26b165c4c4eec6a4cbdf451d92ef17e0-p_e.jpg
"429 53rd St, Brooklyn, NY 11220",40.644432,-74.013275,SingleFamilyResidence,"1,200",https://www.zillow.com/homedetails/429-53rd-St-Brooklyn-NY-11220/30577603_zpid/,"https://maps.googleapis.com/maps/api/streetview?location=40.644432,-74.013275&size=575x242&key=AIzaSyBot9JtFX4Hqs-Ri6N3A8K1Rl5XZD3ssyI&signature=WfbzqdR80gSuLAs4oXuTsOHVBss="
"5418 3rd Ave #5a, Brooklyn, NY 11220",40.645312,-74.017682,SingleFamilyResidence,799,https://www.zillow.com/homedetails/5418-3rd-Ave-5A-Brooklyn-NY-11220/121711423_zpid/,https://photos.zillowstatic.com/fp/09493cbeef3ee9895af01c8e0954773a-p_e.jpg
"5801 8th Ave, Brooklyn, NY 11220",40.636417,-74.00824,SingleFamilyResidence,"5,410",https://www.zillow.com/homedetails/5801-8th-Ave-Brooklyn-NY-11220/30688028_zpid/,https://photos.zillowstatic.com/fp/d672b32d317519559e36bad0c218b951-p_e.jpg
"723 59th St, Brooklyn, NY 11220",40.637181,-74.010329,SingleFamilyResidence,,https://www.zillow.com/homedetails/723-59th-St-Brooklyn-NY-11220/2078670665_zpid/,https://photos.zillowstatic.com/fp/04f55dbf9f7e4e8a0c7042b23668d443-p_e.jpg
"635 59th St, Brooklyn, NY 11220",40.638307,-74.012188,SingleFamilyResidence,"2,108",https://www.zillow.com/homedetails/635-59th-St-Brooklyn-NY-11220/30579520_zpid/,https://photos.zillowstatic.com/fp/05390c45b7a73cc5a1f58ab30ba3f72b-p_e.jpg
"239 55th St, Brooklyn, NY 11220",40.645857,-74.018654,SingleFamilyResidence,"1,968",https://www.zillow.com/homedetails/239-55th-St-Brooklyn-NY-11220/30578108_zpid/,https://photos.zillowstatic.com/fp/fc2d5294d8b9753128ac9784e35ca504-p_e.jpg
"4002 7th Ave Apt 37, Brooklyn, NY 11232",40.648054,-74.000542,SingleFamilyResidence,570,https://www.zillow.com/homedetails/4002-7th-Ave-APT-37-Brooklyn-NY-11232/245022326_zpid/,https://photos.zillowstatic.com/fp/2ec7c4bbae6de6e220d7f28a83464d49-p_e.jpg
"524 52nd St, Brooklyn, NY 11220",40.643426,-74.01101,SingleFamilyResidence,"2,700",https://www.zillow.com/homedetails/524-52nd-St-Brooklyn-NY-11220/30577612_zpid/,https://photos.zillowstatic.com/fp/ddf2800a3a5c4c0d7c7b005b029d55e5-p_e.jpg
"453 63rd St, Brooklyn, NY 11220",40.638446,-74.018576,SingleFamilyResidence,"3,169",https://www.zillow.com/homedetails/453-63rd-St-Brooklyn-NY-11220/30691052_zpid/,https://photos.zillowstatic.com/fp/c6dd2d9486df74d986f5a471958c5080-p_e.jpg
"830 53rd St, Brooklyn, NY 11220",40.638782,-74.004839,SingleFamilyResidence,884,https://www.zillow.com/homedetails/830-53rd-St-Brooklyn-NY-11220/30686408_zpid/,https://photos.zillowstatic.com/fp/da2d1cf9c2952a0d56b0bd07d3323e5d-p_e.jpg
"6108 7th Ave, Brooklyn, NY 11220",40.636201,-74.012755,SingleFamilyResidence,"3,300",https://www.zillow.com/homedetails/6108-7th-Ave-Brooklyn-NY-11220/30690966_zpid/,https://photos.zillowstatic.com/fp/2fca9f3fde5dbbe1bceed8044ec33c61-p_e.jpg
"825 46th St, Brooklyn, NY 11220",40.643095,-74.000483,SingleFamilyResidence,"2,814",https://www.zillow.com/homedetails/825-46th-St-Brooklyn-NY-11220/30575815_zpid/,https://photos.zillowstatic.com/fp/f649ab87a5ed756651f3ba168747ed59-p_e.jpg
"4003 6th Ave, Brooklyn, NY 11232",40.649094,-74.002165,SingleFamilyResidence,"2,700",https://www.zillow.com/homedetails/4003-6th-Ave-Brooklyn-NY-11232/30581094_zpid/,https://photos.zillowstatic.com/fp/83ab531821143dc54c5d093de48a54d8-p_e.jpg
"341 40th St, Brooklyn, NY 11232",40.652888,-74.00764,SingleFamilyResidence,"1,568",https://www.zillow.com/homedetails/341-40th-St-Brooklyn-NY-11232/30574765_zpid/,https://photos.zillowstatic.com/fp/be06db008129eb8d6230da123b5dc1d2-p_e.jpg
"430 61st St, Brooklyn, NY 11220",40.6395,-74.01794,SingleFamilyResidence,"16,512",https://www.zillow.com/homedetails/430-61st-St-Brooklyn-NY-11220/2109615822_zpid/,https://photos.zillowstatic.com/fp/f00d1fbf7f805bd1537b77422ba0c502-p_e.jpg
"667 47th St, Brooklyn, NY 11220",40.6445,-74.0046,SingleFamilyResidence,"3,624",https://www.zillow.com/homedetails/667-47th-St-Brooklyn-NY-11220/2104859526_zpid/,https://photos.zillowstatic.com/fp/e091586489546ea191c8ff92ca65494e-p_e.jpg
"531 52nd St Apt 3c, Brooklyn, NY 11220",40.643559,-74.01032,SingleFamilyResidence,851,https://www.zillow.com/homedetails/531-52nd-St-APT-3C-Brooklyn-NY-11220/82790243_zpid/,https://photos.zillowstatic.com/fp/89d494b6203ff03a1ed63f140e725e59-p_e.jpg
"3907 7th Ave, Brooklyn, NY 11232",40.648269,-73.999492,SingleFamilyResidence,"1,666",https://www.zillow.com/homedetails/3907-7th-Ave-Brooklyn-NY-11232/30580997_zpid/,https://photos.zillowstatic.com/fp/e937b8a0564017259d5ef8fa0c8092b6-p_e.jpg
"5306 4th Ave, Brooklyn, NY 11220",40.644792,-74.014795,SingleFamilyResidence,717,https://www.zillow.com/homedetails/5306-4th-Ave-Brooklyn-NY-11220/112499064_zpid/,https://photos.zillowstatic.com/fp/d978a9c57f7a8fa67962d9661bc59b41-p_e.jpg
"4102 8th Ave #2f, Brooklyn, NY 11232",40.646206,-73.998915,SingleFamilyResidence,592,https://www.zillow.com/homedetails/4102-8th-Ave-2F-Brooklyn-NY-11232/2080402011_zpid/,https://photos.zillowstatic.com/fp/1bf062be8dce51bef08b81f2dfaa54c9-p_e.jpg
"272 61st St, Brooklyn, NY 11220",40.641648,-74.021772,SingleFamilyResidence,"2,188",https://www.zillow.com/homedetails/272-61st-St-Brooklyn-NY-11220/30690794_zpid/,https://photos.zillowstatic.com/fp/310b142c16901e553593df6e6a91d176-p_e.jpg
"882 58th St, Brooklyn, NY 11220",40.635251,-74.006543,SingleFamilyResidence,"2,916",https://www.zillow.com/homedetails/882-58th-St-Brooklyn-NY-11220/30688054_zpid/,https://photos.zillowstatic.com/fp/eb8ba4951a5b019327e54142a4cf360c-p_e.jpg
"5709 6th Ave, Brooklyn, NY 11220",40.639473,-74.012229,SingleFamilyResidence,"4,032",https://www.zillow.com/homedetails/5709-6th-Ave-Brooklyn-NY-11220/30579165_zpid/,https://photos.zillowstatic.com/fp/a5905f0eff426ffa7fecfb4a8ab9ca0b-p_e.jpg
"943 4th Ave, Brooklyn, NY 11232",40.654004,-74.004281,SingleFamilyResidence,"4,000",https://www.zillow.com/homedetails/943-4th-Ave-Brooklyn-NY-11232/30574659_zpid/,https://photos.zillowstatic.com/fp/2f9e1f11f74bf995248d54e883965a67-p_e.jpg
"833 56th St, Brooklyn, NY 11220",40.63738,-74.006122,SingleFamilyResidence,"5,300",https://www.zillow.com/homedetails/833-56th-St-Brooklyn-NY-11220/30687088_zpid/,https://photos.zillowstatic.com/fp/b113f2127cc407c6dcd2328d81df2306-p_e.jpg
"568 54th St, Brooklyn, NY 11220",40.641639,-74.01107,SingleFamilyResidence,"3,012",https://www.zillow.com/homedetails/568-54th-St-Brooklyn-NY-11220/30578243_zpid/,https://photos.zillowstatic.com/fp/f88ad9c2b97d3d289c3ad8d622d9a73a-p_e.jpg
"745 57th St, Brooklyn, NY 11220",40.637982,-74.008625,SingleFamilyResidence,"1,934",https://www.zillow.com/homedetails/745-57th-St-Brooklyn-NY-11220/30578981_zpid/,https://photos.zillowstatic.com/fp/c4c09d19ae9300c040e0b04473a99cf3-p_e.jpg
"762 39th St, Brooklyn, NY 11232",40.647491,-73.998116,SingleFamilyResidence,"2,550",https://www.zillow.com/homedetails/762-39th-St-Brooklyn-NY-11232/30581003_zpid/,https://photos.zillowstatic.com/fp/12cb9828e52fcdcc4eac304365123f2e-p_e.jpg
"628 48th St, Brooklyn, NY 11220",40.644269,-74.006368,SingleFamilyResidence,"1,824",https://www.zillow.com/homedetails/628-48th-St-Brooklyn-NY-11220/30576584_zpid/,https://photos.zillowstatic.com/fp/3f2241bc143bcc625d4366b30a3dd5a5-p_e.jpg
"663 55th St, Brooklyn, NY 11220",40.640174,-74.009239,SingleFamilyResidence,"2,128",https://www.zillow.com/homedetails/663-55th-St-Brooklyn-NY-11220/142804012_zpid/,https://photos.zillowstatic.com/fp/3b95163241caaa435bded2e41fd1e727-p_e.jpg
"776 46th St, Brooklyn, NY 11220",40.643375,-74.001867,SingleFamilyResidence,"2,980",https://www.zillow.com/homedetails/776-46th-St-Brooklyn-NY-11220/30576023_zpid/,https://photos.zillowstatic.com/fp/394f772c35c55162933de6448859772f-p_e.jpg
"446 52nd St, Brooklyn, NY 11220",40.644446,-74.012708,SingleFamilyResidence,"2,352",https://www.zillow.com/homedetails/446-52nd-St-Brooklyn-NY-11220/30577580_zpid/,https://photos.zillowstatic.com/fp/faf6505a9df434327df5cf4368ea3967-p_e.jpg
"531 52nd St Apt 1a, Brooklyn, NY 11220",40.643559,-74.01032,SingleFamilyResidence,924,https://www.zillow.com/homedetails/531-52nd-St-APT-1A-Brooklyn-NY-11220/83047381_zpid/,https://photos.zillowstatic.com/fp/7e4e3a6456ff6740934303f52430287e-p_e.jpg
"774 43rd St, Brooklyn, NY 11232",40.645158,-74.000057,SingleFamilyResidence,"2,373",https://www.zillow.com/homedetails/774-43rd-St-Brooklyn-NY-11232/30575117_zpid/,https://photos.zillowstatic.com/fp/ab45b8a7f45062115f27e3cb351cfc33-p_e.jpg
"322 55th St, Brooklyn, NY 11220",40.644428,-74.017202,SingleFamilyResidence,"1,654",https://www.zillow.com/homedetails/322-55th-St-Brooklyn-NY-11220/30578429_zpid/,https://photos.zillowstatic.com/fp/afc29182b6a2d5ec4537b4d261d63cc1-p_e.jpg
"5811 6th Ave #cf1, Brooklyn, NY 11220",40.638866,-74.012812,SingleFamilyResidence,"1,476",https://www.zillow.com/homedetails/5811-6th-Ave-CF1-Brooklyn-NY-11220/2080548998_zpid/,https://photos.zillowstatic.com/fp/890817fcebd1026078970aa0a8428326-p_e.jpg
"833 63rd St, Brooklyn, NY 11220",40.633413,-74.01023,SingleFamilyResidence,"2,014",https://www.zillow.com/homedetails/833-63rd-St-Brooklyn-NY-11220/30688763_zpid/,https://photos.zillowstatic.com/fp/7cc0247161c3f08007e7baeed71a9d43-p_e.jpg
"5811 6th Ave #5a, Brooklyn, NY 11220",40.638866,-74.012812,SingleFamilyResidence,808,https://www.zillow.com/homedetails/5811-6th-Ave-5A-Brooklyn-NY-11220/2080548999_zpid/,https://photos.zillowstatic.com/fp/12f4588919d38f6ea8e9e7858a14973b-p_e.jpg
"5412 6th Ave, Brooklyn, NY 11220",40.641369,-74.01098,SingleFamilyResidence,"2,852",https://www.zillow.com/homedetails/5412-6th-Ave-Brooklyn-NY-11220/30578250_zpid/,https://photos.zillowstatic.com/fp/9f6246ebc5786cf5a4675951cd8315c4-p_e.jpg
"558 56th St, Brooklyn, NY 11220",40.640705,-74.01255,SingleFamilyResidence,"2,922",https://www.zillow.com/homedetails/558-56th-St-Brooklyn-NY-11220/30578844_zpid/,https://photos.zillowstatic.com/fp/882f54541cf3e5a72435095bb4d19153-p_e.jpg
"559 50th St, Brooklyn, NY 11220",40.644378,-74.008651,SingleFamilyResidence,,https://www.zillow.com/homedetails/559-50th-St-Brooklyn-NY-11220/2078225580_zpid/,https://photos.zillowstatic.com/fp/58136f923443d9703d39d011936511dc-p_e.jpg
"433 56th St, Brooklyn, NY 11220",40.642682,-74.014907,SingleFamilyResidence,"2,928",https://www.zillow.com/homedetails/433-56th-St-Brooklyn-NY-11220/30578512_zpid/,https://photos.zillowstatic.com/fp/5caef6934e743cff96cc8b0c6904d0e1-p_e.jpg
"332 55th St, Brooklyn, NY 11220",40.644269,-74.016938,SingleFamilyResidence,"1,654",https://www.zillow.com/homedetails/332-55th-St-Brooklyn-NY-11220/30578433_zpid/,https://photos.zillowstatic.com/fp/beff92651e3dcfe4097ea2d6213bb7ae-p_e.jpg
"4102 8th Ave #3d, Brooklyn, NY 11232",40.646206,-73.998915,SingleFamilyResidence,489,https://www.zillow.com/homedetails/4102-8th-Ave-3D-Brooklyn-NY-11232/2078052579_zpid/,https://photos.zillowstatic.com/fp/a21bc3041f7bf255b263dca9338e0adf-p_e.jpg
"205 61st St, Brooklyn, NY 11220",40.642909,-74.022989,SingleFamilyResidence,"2,290",https://www.zillow.com/homedetails/205-61st-St-Brooklyn-NY-11220/30690579_zpid/,https://photos.zillowstatic.com/fp/9f555388fb541e8da197449702146f61-p_e.jpg
"665 52nd St, Brooklyn, NY 11220",40.6417,-74.007286,SingleFamilyResidence,"3,732",https://www.zillow.com/homedetails/665-52nd-St-Brooklyn-NY-11220/30577409_zpid/,https://photos.zillowstatic.com/fp/bc1b27b399e4e0c2b83e25dda0e22f39-p_e.jpg
"447 63rd St, Brooklyn, NY 11220",40.638548,-74.018743,SingleFamilyResidence,"3,169",https://www.zillow.com/homedetails/447-63rd-St-Brooklyn-NY-11220/30691055_zpid/,https://photos.zillowstatic.com/fp/834cdf001bbddb3608834ccdb2456c10-p_e.jpg
"425 39th St, Brooklyn, NY 11232",40.652301,-74.005302,SingleFamilyResidence,"2,438",https://www.zillow.com/homedetails/425-39th-St-Brooklyn-NY-11232/2092041869_zpid/,https://photos.zillowstatic.com/fp/ba9ff5f357f2c86d4f50ac8645c92530-p_e.jpg
"4102 8th Ave #2e, Brooklyn, NY 11232",40.646206,-73.998915,SingleFamilyResidence,451,https://www.zillow.com/homedetails/4102-8th-Ave-2E-Brooklyn-NY-11232/2080315385_zpid/,https://photos.zillowstatic.com/fp/1bf062be8dce51bef08b81f2dfaa54c9-p_e.jpg
"750 53rd St, Brooklyn, NY 11220",40.639829,-74.006569,SingleFamilyResidence,"2,483",https://www.zillow.com/homedetails/750-53rd-St-Brooklyn-NY-11220/2081795645_zpid/,https://photos.zillowstatic.com/fp/f0fc0905b29c1adaddb1e826a3e07379-p_e.jpg
"849 57th St, Brooklyn, NY 11220",40.636583,-74.00631,SingleFamilyResidence,"2,610",https://www.zillow.com/homedetails/849-57th-St-Brooklyn-NY-11220/116169343_zpid/,https://photos.zillowstatic.com/fp/f394f35595efa8e4fb6cee7a2cb23b7f-p_e.jpg
"652 39th St, Brooklyn, NY 11232",40.648866,-74.00039,SingleFamilyResidence,"2,100",https://www.zillow.com/homedetails/652-39th-St-Brooklyn-NY-11232/30580964_zpid/,https://photos.zillowstatic.com/fp/6670e7f2f4dcdb2bcb5b7360190a82d7-p_e.jpg
"530 45th St, Brooklyn, NY 11220",40.64724,-74.006762,SingleFamilyResidence,"2,900",https://www.zillow.com/homedetails/530-45th-St-Brooklyn-NY-11220/30575631_zpid/,https://photos.zillowstatic.com/fp/48927c25ed09b0e129991cf8b9d37b5c-p_e.jpg
"5405 6th Ave, Brooklyn, NY 11220",40.641229,-74.010402,SingleFamilyResidence,"4,723",https://www.zillow.com/homedetails/5405-6th-Ave-Brooklyn-NY-11220/30578287_zpid/,https://photos.zillowstatic.com/fp/0518b65a6065620b5fc6bdd2c6f21d76-p_e.jpg
"5907 4th Ave, Brooklyn, NY 11220",40.641064,-74.017746,SingleFamilyResidence,,https://www.zillow.com/homedetails/5907-4th-Ave-Brooklyn-NY-11220/2076939932_zpid/,https://photos.zillowstatic.com/fp/6841f4851c303ee8f08ae5a6f89420f2-p_e.jpg
"348 61st St, Brooklyn, NY 11220",40.640666,-74.020095,SingleFamilyResidence,,https://www.zillow.com/homedetails/348-61st-St-Brooklyn-NY-11220/2085048301_zpid/,https://photos.zillowstatic.com/fp/f26050518ab7d4d4e8fb684ec5986837-p_e.jpg
"752 53rd St, Brooklyn, NY 11220",40.639795,-74.006512,SingleFamilyResidence,"3,002",https://www.zillow.com/homedetails/752-53rd-St-Brooklyn-NY-11220/79711249_zpid/,https://photos.zillowstatic.com/fp/e82a9bebc554cf3427c924aa7df5d44c-p_e.jpg
"4317 8th Ave, Brooklyn, NY 11232",40.644454,-73.999827,SingleFamilyResidence,"19,104",https://www.zillow.com/homedetails/4317-8th-Ave-Brooklyn-NY-11232/2078943211_zpid/,https://photos.zillowstatic.com/fp/b332ed5d1deb7005c03f1df5a1d47a79-p_e.jpg
"523 40th St, Brooklyn, NY 11232",40.650476,-74.00365,SingleFamilyResidence,"1,800",https://www.zillow.com/homedetails/523-40th-St-Brooklyn-NY-11232/30580949_zpid/,https://photos.zillowstatic.com/fp/2fe87e35da78da138e4bc538d07291d9-p_e.jpg
"740 59th St, Brooklyn, NY 11220",40.636599,-74.01029,SingleFamilyResidence,"4,848",https://www.zillow.com/homedetails/740-59th-St-Brooklyn-NY-11220/2080257233_zpid/,https://photos.zillowstatic.com/fp/53e9899d6996aad62d4854786be2a22e-p_e.jpg
"247 53rd St, Brooklyn, NY 11220",40.646851,-74.017283,SingleFamilyResidence,"2,600",https://www.zillow.com/homedetails/247-53rd-St-Brooklyn-NY-11220/30577497_zpid/,https://photos.zillowstatic.com/fp/8de400adaca5b5cbe8939c3114709986-p_e.jpg
"725 58th St, Brooklyn, NY 11220",40.637707,-74.009689,SingleFamilyResidence,"1,800",https://www.zillow.com/homedetails/725-58th-St-Brooklyn-NY-11220/30579281_zpid/,https://photos.zillowstatic.com/fp/b6943cb357d4d3c77f02ac3124411e5d-p_e.jpg
"5018 4th Ave #1, Brooklyn, NY 11220",40.646158,-74.013305,SingleFamilyResidence,"19,200",https://www.zillow.com/homedetails/5018-4th-Ave-1-Brooklyn-NY-11220/2076849311_zpid/,https://photos.zillowstatic.com/fp/3a85530763f283141e9f4d44de190e4f-p_e.jpg
"838 41st St #cf1, Brooklyn, NY 11232",40.64538,-73.997646,SingleFamilyResidence,"2,095",https://www.zillow.com/homedetails/838-41st-St-CF1-Brooklyn-NY-11232/2077873056_zpid/,https://photos.zillowstatic.com/fp/0cfdfa5ba05e27384c0b7358d70f1af8-p_e.jpg
"838 41st St #cfc, Brooklyn, NY 11232",40.64538,-73.997646,SingleFamilyResidence,"1,759",https://www.zillow.com/homedetails/838-41st-St-CFC-Brooklyn-NY-11232/2077872746_zpid/,https://photos.zillowstatic.com/fp/0cfdfa5ba05e27384c0b7358d70f1af8-p_e.jpg
"5026 7th Ave, Brooklyn, NY 11220",40.642125,-74.006654,SingleFamilyResidence,"7,716",https://www.zillow.com/homedetails/5026-7th-Ave-Brooklyn-NY-11220/2081782273_zpid/,https://photos.zillowstatic.com/fp/846f16c60c9d4edc8bcc83cf13d9a0e7-p_e.jpg
"4617 7th Ave, Brooklyn, NY 11220",40.64415,-74.003735,SingleFamilyResidence,"2,400",https://www.zillow.com/homedetails/4617-7th-Ave-Brooklyn-NY-11220/30575988_zpid/,https://photos.zillowstatic.com/fp/d11bb36c504489d58430b4dc8735e2c1-p_e.jpg
"5117 7th Ave, Brooklyn, NY 11220",40.64153,-74.00672,SingleFamilyResidence,"3,835",https://www.zillow.com/homedetails/5117-7th-Ave-Brooklyn-NY-11220/2107025662_zpid/,https://photos.zillowstatic.com/fp/27ae8e7dd77bbd58e426db0d22d10850-p_e.jpg
"5822 5th Ave #1, Brooklyn, NY 11220",40.640345,-74.015677,SingleFamilyResidence,"2,000",https://www.zillow.com/homedetails/5822-5th-Ave-1-Brooklyn-NY-11220/2077869834_zpid/,https://photos.zillowstatic.com/fp/f263fa083753e9fa12dca85d516fd9ff-p_e.jpg
"873 48th St, Brooklyn, NY 11220",40.641289,-74.000516,SingleFamilyResidence,"2,560",https://www.zillow.com/homedetails/873-48th-St-Brooklyn-NY-11220/30576416_zpid/,https://photos.zillowstatic.com/fp/fe804fc154be35a2f214d844dad37cb7-p_e.jpg
"462 48th St, Brooklyn, NY 11220",40.646452,-74.009978,SingleFamilyResidence,"3,200",https://www.zillow.com/homedetails/462-48th-St-Brooklyn-NY-11220/30576500_zpid/,https://photos.zillowstatic.com/fp/502d342acf1aab9b7c1bb7b453347f94-p_e.jpg
"5001 4th Ave, Brooklyn, NY 11220",40.646202,-74.012356,SingleFamilyResidence,"7,400",https://www.zillow.com/homedetails/5001-4th-Ave-Brooklyn-NY-11220/30577039_zpid/,https://photos.zillowstatic.com/fp/5efd9112c0e7fb4f81e4b39773c9ee6c-p_e.jpg
"4213 8th Ave, Brooklyn, NY 11232",40.645154,-73.999125,SingleFamilyResidence,"3,231",https://www.zillow.com/homedetails/4213-8th-Ave-Brooklyn-NY-11232/30581399_zpid/,https://photos.zillowstatic.com/fp/146d24f0539020f087cb26b711ded316-p_e.jpg
"870 44th St, Brooklyn, NY 11220",40.643223,-73.998605,SingleFamilyResidence,"2,600",https://www.zillow.com/homedetails/870-44th-St-Brooklyn-NY-11220/30575490_zpid/,https://photos.zillowstatic.com/fp/8f74169af86e4fd14e2291ddb870c724-p_e.jpg
"826 40th St, Brooklyn, NY 11232",40.646074,-73.997276,SingleFamilyResidence,"3,500",https://www.zillow.com/homedetails/826-40th-St-Brooklyn-NY-11232/30581178_zpid/,https://photos.zillowstatic.com/fp/20f85acf1bf79772112509d4ee7cd013-p_e.jpg
"4616 7th Ave, Brooklyn, NY 11220",40.644471,-74.004159,SingleFamilyResidence,"3,000",https://www.zillow.com/homedetails/4616-7th-Ave-Brooklyn-NY-11220/30575965_zpid/,https://photos.zillowstatic.com/fp/c28afc7c5f7a39b0d43b2a003b9dee3f-p_e.jpg
"5117 7th Ave #1, Brooklyn, NY 11220",40.641356,-74.00664,SingleFamilyResidence,"3,835",https://www.zillow.com/homedetails/5117-7th-Ave-1-Brooklyn-NY-11220/2079788775_zpid/,https://photos.zillowstatic.com/fp/b02b6afda08d2f56ef9cbaf784b8dc85-p_e.jpg
"658 46th St, Brooklyn, NY 11220",40.644981,-74.004531,SingleFamilyResidence,"3,750",https://www.zillow.com/homedetails/658-46th-St-Brooklyn-NY-11220/2104584920_zpid/,https://photos.zillowstatic.com/fp/ce5e2936b2009450b55c9c13d8437e3b-p_e.jpg
"865 41st St, Brooklyn, NY 11232",40.645342,-73.996661,SingleFamilyResidence,"3,040",https://www.zillow.com/homedetails/865-41st-St-Brooklyn-NY-11232/30581197_zpid/,https://photos.zillowstatic.com/fp/f5378c562df435f7d0183fb0ce2a6215-p_e.jpg
"824 51st St, Brooklyn, NY 11220",40.639989,-74.003817,SingleFamilyResidence,"5,440",https://www.zillow.com/homedetails/824-51st-St-Brooklyn-NY-11220/30685827_zpid/,https://photos.zillowstatic.com/fp/6b2e3f565a96eae7849f5377a392e31f-p_e.jpg
"716 51st St, Brooklyn, NY 11220",40.641426,-74.006192,SingleFamilyResidence,"1,740",https://www.zillow.com/homedetails/716-51st-St-Brooklyn-NY-11220/30577444_zpid/,https://photos.zillowstatic.com/fp/fa9a78b83d0bb994ab1f81bf101e4180-p_e.jpg
"247 53rd St #2, Brooklyn, NY 11220",40.64685,-74.017286,SingleFamilyResidence,"2,440",https://www.zillow.com/homedetails/247-53rd-St-2-Brooklyn-NY-11220/2089096528_zpid/,https://photos.zillowstatic.com/fp/ba85faf42dde1b06d9866fbb7e3021f7-p_e.jpg
"828 51st St, Brooklyn, NY 11220",40.639939,-74.003733,SingleFamilyResidence,"5,440",https://www.zillow.com/homedetails/828-51st-St-Brooklyn-NY-11220/30685828_zpid/,https://photos.zillowstatic.com/fp/6b2e3f565a96eae7849f5377a392e31f-p_e.jpg
"849 57th St #5fl, Brooklyn, NY 11220",40.636583,-74.00631,SingleFamilyResidence,"2,610",https://www.zillow.com/homedetails/849-57th-St-5FL-Brooklyn-NY-11220/2081157761_zpid/,https://photos.zillowstatic.com/fp/4036b42777778ba140fbebcbaf23a4aa-p_e.jpg
"839 57th St, Brooklyn, NY 11220",40.636727,-74.006548,SingleFamilyResidence,"6,150",https://www.zillow.com/homedetails/839-57th-St-Brooklyn-NY-11220/142947333_zpid/,https://photos.zillowstatic.com/fp/89d500d9f4c549578a33a7284d9b4885-p_e.jpg
"430-432 39th St, Brooklyn, NY 11232",40.652078,-74.00554,SingleFamilyResidence,,https://www.zillow.com/homedetails/430-432-39th-St-Brooklyn-NY-11232/2078423217_zpid/,https://photos.zillowstatic.com/fp/9385d6552d3484d658439fb48a3e449d-p_e.jpg
"869 52nd St, Brooklyn, NY 11220",40.639126,-74.002976,SingleFamilyResidence,900,https://www.zillow.com/homedetails/869-52nd-St-Brooklyn-NY-11220/30685856_zpid/,https://photos.zillowstatic.com/fp/c81a946d2be77fe2b5b69a409de809f7-p_e.jpg
"824-828 51st St, Brooklyn, NY 11220",40.640082,-74.003796,SingleFamilyResidence,,https://www.zillow.com/homedetails/824-828-51st-St-Brooklyn-NY-11220/2078014506_zpid/,https://photos.zillowstatic.com/fp/35178b40a8ceadf73a88bdeaa903348a-p_e.jpg
"871 53rd St, Brooklyn, NY 11220",40.638597,-74.0036,SingleFamilyResidence,"2,400",https://www.zillow.com/homedetails/871-53rd-St-Brooklyn-NY-11220/30686139_zpid/,"https://maps.googleapis.com/maps/api/streetview?location=40.638597,-74.003600&size=575x242&key=AIzaSyBot9JtFX4Hqs-Ri6N3A8K1Rl5XZD3ssyI&signature=TSLaylmA1vbg9346EGTTwVTH1Bs="
"538 47th St, Brooklyn, NY 11220",40.646027,-74.007758,SingleFamilyResidence,"2,797",https://www.zillow.com/homedetails/538-47th-St-Brooklyn-NY-11220/30576215_zpid/,"https://maps.googleapis.com/maps/api/streetview?location=40.646027,-74.007758&size=575x242&key=AIzaSyBot9JtFX4Hqs-Ri6N3A8K1Rl5XZD3ssyI&signature=FuwHgfP47kWsp5YTLfIhJIpkCns="
"461 51st St, Brooklyn, NY 11220",40.645109,-74.011377,SingleFamilyResidence,"2,781",https://www.zillow.com/homedetails/461-51st-St-Brooklyn-NY-11220/30577068_zpid/,"https://maps.googleapis.com/maps/api/streetview?location=40.645109,-74.011377&size=575x242&key=AIzaSyBot9JtFX4Hqs-Ri6N3A8K1Rl5XZD3ssyI&signature=Z8cn-AsO4tKpoWjDxGKW2dXA528="
"772 59th St, Brooklyn, NY 11220",40.636159,-74.009555,SingleFamilyResidence,"5,724",https://www.zillow.com/homedetails/772-59th-St-Brooklyn-NY-11220/142805630_zpid/,"https://maps.googleapis.com/maps/api/streetview?location=40.636159,-74.009555&size=575x242&key=AIzaSyBot9JtFX4Hqs-Ri6N3A8K1Rl5XZD3ssyI&signature=pMqsGwEH_FK7GKpTq8Aob6rsdTc="
"4521 1st Ave, Brooklyn, NY 11232",40.652212,-74.015733,SingleFamilyResidence,,https://www.zillow.com/homedetails/4521-1st-Ave-Brooklyn-NY-11232/142800379_zpid/,"https://maps.googleapis.com/maps/api/streetview?location=40.652212,-74.015733&size=575x242&key=AIzaSyBot9JtFX4Hqs-Ri6N3A8K1Rl5XZD3ssyI&signature=0r15Q5ZizY0Dg0uifZcC-iAdkvM="
"313 46th St, Brooklyn, NY 11220",40.649921,-74.011788,SingleFamilyResidence,"4,020",https://www.zillow.com/homedetails/313-46th-St-Brooklyn-NY-11220/30575569_zpid/,"https://maps.googleapis.com/maps/api/streetview?location=40.649921,-74.011788&size=575x242&key=AIzaSyBot9JtFX4Hqs-Ri6N3A8K1Rl5XZD3ssyI&signature=85rbpMMwNC-vTAhgMWl3cH2VuRk="
"436 54th St, Brooklyn, NY 11220",40.643477,-74.014118,SingleFamilyResidence,"2,316",https://www.zillow.com/homedetails/436-54th-St-Brooklyn-NY-11220/30578160_zpid/,"https://maps.googleapis.com/maps/api/streetview?location=40.643477,-74.014118&size=575x242&key=AIzaSyBot9JtFX4Hqs-Ri6N3A8K1Rl5XZD3ssyI&signature=hEaH2-PTmCFn-is0qI1wFG08YHo="
"825 53rd St, Brooklyn, NY 11220",40.639192,-74.004588,SingleFamilyResidence,"1,600",https://www.zillow.com/homedetails/825-53rd-St-Brooklyn-NY-11220/30686154_zpid/,"https://maps.googleapis.com/maps/api/streetview?location=40.639192,-74.004588&size=575x242&key=AIzaSyBot9JtFX4Hqs-Ri6N3A8K1Rl5XZD3ssyI&signature=A2aptYrvtndmsOtuckE_n68c4d8="
